 Item ID,ignore Add-On, Mod ID, Replacement Type, Versions, Tool Set, Material, Handle Material, Improvements
adamantite_axe,Tnc 1.5,enlightened_end,axe,"16, 18, 19, 20",enlightened_end_adamantite,enlightened_end_adamantite,,
adamantite_hoe,Tnc 1.5,enlightened_end,hoe,"16, 18, 19, 20",enlightened_end_adamantite,enlightened_end_adamantite,,
adamantite_knife,Tnc 1.5,enlightened_end,knife,"16, 18, 19, 20",enlightened_end_adamantite,enlightened_end_adamantite,,
adamantite_pickaxe,Tnc 1.5,enlightened_end,pick,"16, 18, 19, 20",enlightened_end_adamantite,enlightened_end_adamantite,,
adamantite_shovel,Tnc 1.5,enlightened_end,shovel,"16, 18, 19, 20",enlightened_end_adamantite,enlightened_end_adamantite,,
adamantite_sword,Tnc 1.5,enlightened_end,sword,"16, 18, 19, 20",enlightened_end_adamantite,enlightened_end_adamantite,,
aeternium_axe,Tnc,betterendforge,axe,16,betterendforge_aeternium,betterendforge_aeternium,,double/handle basic_handle/wrap_leather 1
aeternium_hoe,Tnc,betterendforge,hoe,16,betterendforge_aeternium,betterendforge_aeternium,,double/handle basic_handle/wrap_leather 1
aeternium_pickaxe,Tnc,betterendforge,pick,16,betterendforge_aeternium,betterendforge_aeternium,,double/handle basic_handle/wrap_leather 1
aeternium_shovel,Tnc,betterendforge,shovel,16,betterendforge_aeternium,betterendforge_aeternium,,single/handle basic_handle/wrap_leather 1
aeternium_sword,Tnc,betterendforge,sword,16,betterendforge_aeternium,betterendforge_aeternium,,sword/hilt basic_hilt/wrap_leather 1
aluminium_axe,Tnc 1.5,nature_arise,axe,20,nature_arise_aluminium,nature_arise_aluminium,,
aluminium_hoe,Tnc 1.5,nature_arise,hoe,20,nature_arise_aluminium,nature_arise_aluminium,,
aluminium_pickaxe,Tnc 1.5,nature_arise,pick,20,nature_arise_aluminium,nature_arise_aluminium,,
aluminium_shovel,Tnc 1.5,nature_arise,shovel,20,nature_arise_aluminium,nature_arise_aluminium,,
aluminium_sword,Tnc 1.5,nature_arise,sword,20,nature_arise_aluminium,nature_arise_aluminium,,
amethyst_axe,Tnc 1.5,oresabovediamonds,axe,"16, 18, 19, 20",oresabovediamonds_amethyst,oresabovediamonds_amethyst,,
amethyst_hoe,Tnc 1.5,oresabovediamonds,hoe,"16, 18, 19, 20",oresabovediamonds_amethyst,oresabovediamonds_amethyst,,
amethyst_pickaxe,Tnc 1.5,oresabovediamonds,pick,"16, 18, 19, 20",oresabovediamonds_amethyst,oresabovediamonds_amethyst,,
amethyst_shovel,Tnc 1.5,oresabovediamonds,shovel,"16, 18, 19, 20",oresabovediamonds_amethyst,oresabovediamonds_amethyst,,
amethyst_sword,Tnc 1.5,oresabovediamonds,sword,"16, 18, 19, 20",oresabovediamonds_amethyst,oresabovediamonds_amethyst,,
aquite_axe,Tnc 1.5,blue_skies,axe,"16, 18, 19, 20",blue_skies_aquite,blue_skies_aquite,,
aquite_hoe,Tnc 1.5,blue_skies,hoe,"16, 18, 19, 20",blue_skies_aquite,blue_skies_aquite,,
aquite_pickaxe,Tnc 1.5,blue_skies,pick,"16, 18, 19, 20",blue_skies_aquite,blue_skies_aquite,,
aquite_shovel,Tnc 1.5,blue_skies,shovel,"16, 18, 19, 20",blue_skies_aquite,blue_skies_aquite,,
aquite_sword,Tnc 1.5,blue_skies,sword,"16, 18, 19, 20",blue_skies_aquite,blue_skies_aquite,,
astral_axe,Tnc 1.5,voidscape,double_axe,"16, 18, 19, 20",voidscape_astral,voidscape_astral_crystal,,
astral_pickaxe,Tnc 1.5,voidscape,pick,"16, 18, 19, 20",voidscape_astral,voidscape_astral_crystal,,
astral_shovel,Tnc 1.5,voidscape,shovel,"16, 18, 19, 20",voidscape_astral,voidscape_astral_crystal,,
astral_sword,Tnc 1.5,voidscape,sword,"16, 18, 19, 20",voidscape_astral,voidscape_astral_crystal,,
black_opal_axe,Tnc 1.5,oresabovediamonds,axe,"16, 18, 19, 20",oresabovediamonds_black_opal,oresabovediamonds_black_opal,,
black_opal_hoe,Tnc 1.5,oresabovediamonds,hoe,"16, 18, 19, 20",oresabovediamonds_black_opal,oresabovediamonds_black_opal,,
black_opal_pickaxe,Tnc 1.5,oresabovediamonds,pick,"16, 18, 19, 20",oresabovediamonds_black_opal,oresabovediamonds_black_opal,,
black_opal_shovel,Tnc 1.5,oresabovediamonds,shovel,"16, 18, 19, 20",oresabovediamonds_black_opal,oresabovediamonds_black_opal,,
black_opal_sword,Tnc 1.5,oresabovediamonds,sword,"16, 18, 19, 20",oresabovediamonds_black_opal,oresabovediamonds_black_opal,,
blazing_gold_axe,Tnc,netheragriculture,axe,16,netheragriculture_blazing_gold,netheragriculture_blazing_gold,,"double/head_left blazing_tool 2, double/head_right blazing_tool 2"
blazing_gold_hoe,Tnc,netheragriculture,hoe,16,netheragriculture_blazing_gold,netheragriculture_blazing_gold,,"double/head_left blazing_tool 2, double/head_right blazing_tool 2"
blazing_gold_pickaxe,Tnc,netheragriculture,pick,16,netheragriculture_blazing_gold,netheragriculture_blazing_gold,,"double/head_left blazing_tool 2, double/head_right blazing_tool 2"
blazing_gold_shovel,Tnc,netheragriculture,shovel,16,netheragriculture_blazing_gold,netheragriculture_blazing_gold,,single/head blazing_tool 2
blazing_gold_sword,Tnc,netheragriculture,sword,16,netheragriculture_blazing_gold,netheragriculture_blazing_gold,,sword/blade blazing_blade 4
blue_geode_axe,Tnc,wyrmroost,double_axe,16,wyrmroost_blue_geode,wyrmroost_blue_geode,,
blue_geode_hoe,Tnc,wyrmroost,hoe,16,wyrmroost_blue_geode,wyrmroost_blue_geode,,
blue_geode_pickaxe,Tnc,wyrmroost,pick,16,wyrmroost_blue_geode,wyrmroost_blue_geode,,
blue_geode_shovel,Tnc,wyrmroost,shovel,16,wyrmroost_blue_geode,wyrmroost_blue_geode,,
blue_geode_sword,Tnc,wyrmroost,sword,16,wyrmroost_blue_geode,wyrmroost_blue_geode,,
bluebright_axe,Tnc 1.5,blue_skies,axe,"16, 18, 19, 20",blue_skies_bluebright,blue_skies_bluebright,,
bluebright_hoe,Tnc 1.5,blue_skies,hoe,"16, 18, 19, 20",blue_skies_bluebright,blue_skies_bluebright,,
bluebright_pickaxe,Tnc 1.5,blue_skies,pick,"16, 18, 19, 20",blue_skies_bluebright,blue_skies_bluebright,,
bluebright_shovel,Tnc 1.5,blue_skies,shovel,"16, 18, 19, 20",blue_skies_bluebright,blue_skies_bluebright,,
bluebright_spear,Tnc 1.5,blue_skies,spear,"16, 18, 19, 20",blue_skies_bluebright,blue_skies_moonstone,blue_skies_bluebright,
bluebright_sword,Tnc 1.5,blue_skies,sword,"16, 18, 19, 20",blue_skies_bluebright,blue_skies_bluebright,,
charoite_axe,Tnc 1.5,blue_skies,axe,"16, 18, 19, 20",blue_skies_charoite,blue_skies_charoite,,
charoite_hoe,Tnc 1.5,blue_skies,hoe,"16, 18, 19, 20",blue_skies_charoite,blue_skies_charoite,,
charoite_pickaxe,Tnc 1.5,blue_skies,pick,"16, 18, 19, 20",blue_skies_charoite,blue_skies_charoite,,
charoite_shovel,Tnc 1.5,blue_skies,shovel,"16, 18, 19, 20",blue_skies_charoite,blue_skies_charoite,,
charoite_sword,Tnc 1.5,blue_skies,sword,"16, 18, 19, 20",blue_skies_charoite,blue_skies_charoite,,
cherry_axe,Tnc 1.5,blue_skies,axe,"16, 18, 19",blue_skies_cherry,blue_skies_cherry,,
cherry_hoe,Tnc 1.5,blue_skies,hoe,"16, 18, 19",blue_skies_cherry,blue_skies_cherry,,
cherry_pickaxe,Tnc 1.5,blue_skies,pick,"16, 18, 19",blue_skies_cherry,blue_skies_cherry,,
cherry_shovel,Tnc 1.5,blue_skies,shovel,"16, 18, 19",blue_skies_cherry,blue_skies_cherry,,
cherry_spear,Tnc 1.5,blue_skies,spear,"16, 18, 19",blue_skies_cherry,blue_skies_moonstone,blue_skies_cherry,
cherry_sword,Tnc 1.5,blue_skies,sword,"16, 18, 19",blue_skies_cherry,blue_skies_cherry,,
chorundum_axe,Tnc,stalwart_dungeons,axe,"16, 18, 19, 20",stalwart_dungeons_chorundum,stalwart_dungeons_chorundum,,
chorundum_hoe,Tnc,stalwart_dungeons,hoe,"16, 18, 19, 20",stalwart_dungeons_chorundum,stalwart_dungeons_chorundum,,
chorundum_pickaxe,Tnc,stalwart_dungeons,pick,"16, 18, 19, 20",stalwart_dungeons_chorundum,stalwart_dungeons_chorundum,,
chorundum_shovel,Tnc,stalwart_dungeons,shovel,"16, 18, 19, 20",stalwart_dungeons_chorundum,stalwart_dungeons_chorundum,,
chorundum_sword,Tnc,stalwart_dungeons,sword,"16, 18, 19, 20",stalwart_dungeons_chorundum,stalwart_dungeons_chorundum,,
comet_axe,Tnc 1.5,blue_skies,axe,20,blue_skies_comet,blue_skies_comet,,
comet_hoe,Tnc 1.5,blue_skies,hoe,20,blue_skies_comet,blue_skies_comet,,
comet_pickaxe,Tnc 1.5,blue_skies,pick,20,blue_skies_comet,blue_skies_comet,,
comet_shovel,Tnc 1.5,blue_skies,shovel,20,blue_skies_comet,blue_skies_comet,,
comet_spear,Tnc 1.5,blue_skies,spear,20,blue_skies_comet,blue_skies_moonstone,blue_skies_comet,
comet_sword,Tnc 1.5,blue_skies,sword,20,blue_skies_comet,blue_skies_comet,,
copper_axe,Tnc 1.5,nature_arise,axe,20,nature_arise_copper,copper,,
copper_hoe,Tnc 1.5,nature_arise,hoe,20,nature_arise_copper,copper,,
copper_pickaxe,Tnc 1.5,nature_arise,pick,20,nature_arise_copper,copper,,
copper_shovel,Tnc 1.5,nature_arise,shovel,20,nature_arise_copper,copper,,
copper_sword,Tnc 1.5,nature_arise,sword,20,nature_arise_copper,copper,,
crystalline_axe,Tnc 1.5,phantasm,axe,"16, 18, 19, 20",phantasm_crystalline,phantasm_void_crystal,,
crystalline_hoe,Tnc 1.5,phantasm,hoe,"16, 18, 19, 20",phantasm_crystalline,phantasm_void_crystal,,
crystalline_pickaxe,Tnc 1.5,phantasm,pick,"16, 18, 19, 20",phantasm_crystalline,phantasm_void_crystal,,
crystalline_shovel,Tnc 1.5,phantasm,shovel,"16, 18, 19, 20",phantasm_crystalline,phantasm_void_crystal,,
crystalline_sword,Tnc 1.5,phantasm,sword,"16, 18, 19, 20",phantasm_crystalline,phantasm_void_crystal,,
diamond_knife,Tnc,netheragriculture,knife,16,netheragriculture_knives,diamond,,sword/blade arrested 0
diopside_axe,Tnc 1.5,blue_skies,axe,"16, 18, 19, 20",blue_skies_diopside,blue_skies_diopside,,
diopside_hoe,Tnc 1.5,blue_skies,hoe,"16, 18, 19, 20",blue_skies_diopside,blue_skies_diopside,,
diopside_pickaxe,Tnc 1.5,blue_skies,pick,"16, 18, 19, 20",blue_skies_diopside,blue_skies_diopside,,
diopside_shovel,Tnc 1.5,blue_skies,shovel,"16, 18, 19, 20",blue_skies_diopside,blue_skies_diopside,,
diopside_sword,Tnc 1.5,blue_skies,sword,"16, 18, 19, 20",blue_skies_diopside,blue_skies_diopside,,
dusk_axe,Tnc 1.5,blue_skies,axe,"16, 18, 19, 20",blue_skies_dusk,blue_skies_dusk,,
dusk_hoe,Tnc 1.5,blue_skies,hoe,"16, 18, 19, 20",blue_skies_dusk,blue_skies_dusk,,
dusk_pickaxe,Tnc 1.5,blue_skies,pick,"16, 18, 19, 20",blue_skies_dusk,blue_skies_dusk,,
dusk_shovel,Tnc 1.5,blue_skies,shovel,"16, 18, 19, 20",blue_skies_dusk,blue_skies_dusk,,
dusk_spear,Tnc 1.5,blue_skies,spear,"16, 18, 19, 20",blue_skies_dusk,blue_skies_moonstone,blue_skies_dusk,
dusk_sword,Tnc 1.5,blue_skies,sword,"16, 18, 19, 20",blue_skies_dusk,blue_skies_dusk,,
enderite_axe,Tnc,enderitemod,axe,"18, 19, 20",enderitemod_enderite,enderitemod_enderite,,
enderite_axe,Tnc,enderitemod,axe,16,enderitemod_enderite,enderitemod_enderite,,"double/head_left enderite_void_floating_innate 3, double/head_right enderite_void_floating_innate 3"
enderite_hoe,Tnc,enderitemod,hoe,"18, 19, 20",enderitemod_enderite,enderitemod_enderite,,
enderite_hoe,Tnc,enderitemod,hoe,16,enderitemod_enderite,enderitemod_enderite,,"double/head_left enderite_void_floating_innate 3, double/head_right enderite_void_floating_innate 3"
enderite_pickaxe,Tnc,enderitemod,pick,"18, 19, 20",enderitemod_enderite,enderitemod_enderite,,
enderite_pickaxe,Tnc,enderitemod,pick,16,enderitemod_enderite,enderitemod_enderite,,"double/head_left enderite_void_floating_innate 3, double/head_right enderite_void_floating_innate 3"
enderite_shovel,Tnc,enderitemod,shovel,"18, 19, 20",enderitemod_enderite,enderitemod_enderite,,
enderite_shovel,Tnc,enderitemod,shovel,16,enderitemod_enderite,enderitemod_enderite,,single/head enderite_void_floating_innate 3
enderite_sword,Tnc,enderitemod,sword,"18, 19, 20",enderitemod_enderite,enderitemod_enderite,,
enderite_sword,Tnc,enderitemod,sword,16,enderitemod_enderite,enderitemod_enderite,,sword/blade enderite_void_floating_innate 3
endium_axe,Tnc 1.5,organics,double_axe,"16, 18, 19, 20",organics_endium,organics_endium,,
endium_hoe,Tnc 1.5,organics,hoe,"16, 18, 19, 20",organics_endium,organics_endium,,
endium_pickaxe,Tnc 1.5,organics,pick,"16, 18, 19, 20",organics_endium,organics_endium,,
endium_shovel,Tnc 1.5,organics,shovel,"16, 18, 19, 20",organics_endium,organics_endium,,
endium_sword,Tnc 1.5,organics,sword,"16, 18, 19, 20",organics_endium,organics_endium,,
eternium_axe,Tnc 1.5,l2complements,axe,"19, 20",l2complements_eternium,l2complements_eternium,netherite,
eternium_hoe,Tnc 1.5,l2complements,hoe,"19, 20",l2complements_eternium,l2complements_eternium,netherite,
eternium_pickaxe,Tnc 1.5,l2complements,pick,"19, 20",l2complements_eternium,l2complements_eternium,netherite,
eternium_shovel,Tnc 1.5,l2complements,shovel,"19, 20",l2complements_eternium,l2complements_eternium,netherite,
eternium_sword,Tnc 1.5,l2complements,sword,"19, 20",l2complements_eternium,l2complements_eternium,netherite,
fiery_pickaxe,Tnc,twilightforest,pick,"16, 18, 19, 20",twilightforest_fiery,twilightforest_fiery_metal,,
fiery_sword,Tnc,twilightforest,sword,"16, 18, 19, 20",twilightforest_fiery,twilightforest_fiery_metal,,
flint_axe,Tnc 1.5,organics,axe,"16, 18, 19, 20",organics_flint,flint,,
flint_hoe,Tnc 1.5,organics,hoe,"16, 18, 19, 20",organics_flint,flint,,
flint_pickaxe,Tnc 1.5,organics,pick,"16, 18, 19, 20",organics_flint,flint,,
flint_shovel,Tnc 1.5,organics,shovel,"16, 18, 19, 20",organics_flint,flint,,
flint_sword,Tnc 1.5,organics,sword,"16, 18, 19, 20",organics_flint,flint,,
frostbright_axe,Tnc 1.5,blue_skies,axe,"16, 18, 19, 20",blue_skies_frostbright,blue_skies_frostbright,,
frostbright_hoe,Tnc 1.5,blue_skies,hoe,"16, 18, 19, 20",blue_skies_frostbright,blue_skies_frostbright,,
frostbright_pickaxe,Tnc 1.5,blue_skies,pick,"16, 18, 19, 20",blue_skies_frostbright,blue_skies_frostbright,,
frostbright_shovel,Tnc 1.5,blue_skies,shovel,"16, 18, 19, 20",blue_skies_frostbright,blue_skies_frostbright,,
frostbright_spear,Tnc 1.5,blue_skies,spear,"16, 18, 19, 20",blue_skies_frostbright,blue_skies_moonstone,blue_skies_frostbright,
frostbright_sword,Tnc 1.5,blue_skies,sword,"16, 18, 19, 20",blue_skies_frostbright,blue_skies_frostbright,,
horizonite_axe,Tnc 1.5,blue_skies,axe,"16, 18, 19, 20",blue_skies_horizonite,blue_skies_horizonite,,
horizonite_hoe,Tnc 1.5,blue_skies,hoe,"16, 18, 19, 20",blue_skies_horizonite,blue_skies_horizonite,,
horizonite_pickaxe,Tnc 1.5,blue_skies,pick,"16, 18, 19, 20",blue_skies_horizonite,blue_skies_horizonite,,
horizonite_shovel,Tnc 1.5,blue_skies,shovel,"16, 18, 19, 20",blue_skies_horizonite,blue_skies_horizonite,,
horizonite_sword,Tnc 1.5,blue_skies,sword,"16, 18, 19, 20",blue_skies_horizonite,blue_skies_horizonite,,
ichor_axe,Tnc 1.5,voidscape,axe,"16, 18, 19, 20",voidscape_ichor,voidscape_ichor,,
ichor_pickaxe,Tnc 1.5,voidscape,pick,"16, 18, 19, 20",voidscape_ichor,voidscape_ichor,,
ichor_sword,Tnc 1.5,voidscape,sword,"16, 18, 19, 20",voidscape_ichor,voidscape_ichor,,
iridite_axe,Tnc 1.5,organics,double_axe,"16, 18, 19, 20",organics_iridite,organics_iridite,,
iridite_hoe,Tnc 1.5,organics,hoe,"16, 18, 19, 20",organics_iridite,organics_iridite,,
iridite_pickaxe,Tnc 1.5,organics,pick,"16, 18, 19, 20",organics_iridite,organics_iridite,,
iridite_shovel,Tnc 1.5,organics,shovel,"16, 18, 19, 20",organics_iridite,organics_iridite,,
iridite_sword,Tnc 1.5,organics,sword,"16, 18, 19, 20",organics_iridite,organics_iridite,,
iron_greatsword,Tnc,atum,greatsword,16,atum_iron,iron,,sword/blade brutal 0
ironwood_axe,Tnc,twilightforest,axe,"16, 18, 19, 20",twilightforest_ironwood,twilightforest_ironwood,,
ironwood_hoe,Tnc,twilightforest,hoe,"16, 18, 19, 20",twilightforest_ironwood,twilightforest_ironwood,,
ironwood_pickaxe,Tnc,twilightforest,pick,"16, 18, 19, 20",twilightforest_ironwood,twilightforest_ironwood,,
ironwood_shovel,Tnc,twilightforest,shovel,"16, 18, 19, 20",twilightforest_ironwood,twilightforest_ironwood,,
ironwood_sword,Tnc,twilightforest,sword,"16, 18, 19, 20",twilightforest_ironwood,twilightforest_ironwood,,
knife,Tnc,netheragriculture,knife,16,netheragriculture_knives,iron,,
knightmetal_axe,Tnc,twilightforest,axe,"16, 18, 19, 20",twilightforest_knightmetal,twilightforest_knightmetal,,
knightmetal_pickaxe,Tnc,twilightforest,pick,"16, 18, 19, 20",twilightforest_knightmetal,twilightforest_knightmetal,,
knightmetal_sword,Tnc,twilightforest,sword,"16, 18, 19, 20",twilightforest_knightmetal,twilightforest_knightmetal,,
kuko_axe,Tnc 1.5,organics,double_axe,"16, 18, 19, 20",organics_kuko,organics_kuko,,
kuko_hoe,Tnc 1.5,organics,hoe,"16, 18, 19, 20",organics_kuko,organics_kuko,,
kuko_pickaxe,Tnc 1.5,organics,pick,"16, 18, 19, 20",organics_kuko,organics_kuko,,
kuko_shovel,Tnc 1.5,organics,shovel,"16, 18, 19, 20",organics_kuko,organics_kuko,,
kuko_sword,Tnc 1.5,organics,sword,"16, 18, 19, 20",organics_kuko,organics_kuko,,
limestone_axe,Tnc,atum,axe,16,atum_limestone,atum_limestone,,
limestone_hoe,Tnc,atum,hoe,16,atum_limestone,atum_limestone,,
limestone_pickaxe,Tnc,atum,pick,16,atum_limestone,atum_limestone,,
limestone_shovel,Tnc,atum,shovel,16,atum_limestone,atum_limestone,,
limestone_spear,Tnc 1.5,alexscaves,spear,20,alexscaves_limestone,alexscaves_limestone,,
limestone_sword,Tnc,atum,sword,16,atum_limestone,atum_limestone,,
lunar_axe,Tnc 1.5,blue_skies,axe,"16, 18, 19, 20",blue_skies_lunar,blue_skies_lunar_wood,,
lunar_hoe,Tnc 1.5,blue_skies,hoe,"16, 18, 19, 20",blue_skies_lunar,blue_skies_lunar_wood,,
lunar_pickaxe,Tnc 1.5,blue_skies,pick,"16, 18, 19, 20",blue_skies_lunar,blue_skies_lunar_wood,,
lunar_shovel,Tnc 1.5,blue_skies,shovel,"16, 18, 19, 20",blue_skies_lunar,blue_skies_lunar_wood,,
lunar_spear,Tnc 1.5,blue_skies,spear,"16, 18, 19, 20",blue_skies_lunar,blue_skies_moonstone,blue_skies_lunar,
lunar_stone_axe,Tnc 1.5,blue_skies,axe,"16, 18, 19, 20",blue_skies_lunar_stone,blue_skies_lunar_stone,,
lunar_stone_hoe,Tnc 1.5,blue_skies,hoe,"16, 18, 19, 20",blue_skies_lunar_stone,blue_skies_lunar_stone,,
lunar_stone_pickaxe,Tnc 1.5,blue_skies,pick,"16, 18, 19, 20",blue_skies_lunar_stone,blue_skies_lunar_stone,,
lunar_stone_shovel,Tnc 1.5,blue_skies,shovel,"16, 18, 19, 20",blue_skies_lunar_stone,blue_skies_lunar_stone,,
lunar_stone_sword,Tnc 1.5,blue_skies,sword,"16, 18, 19, 20",blue_skies_lunar_stone,blue_skies_lunar_stone,,
lunar_sword,Tnc 1.5,blue_skies,sword,"16, 18, 19, 20",blue_skies_lunar,blue_skies_lunar_wood,,
maple_axe,Tnc 1.5,blue_skies,axe,"16, 18, 19, 20",blue_skies_maple,blue_skies_maple,,
maple_hoe,Tnc 1.5,blue_skies,hoe,"16, 18, 19, 20",blue_skies_maple,blue_skies_maple,,
maple_pickaxe,Tnc 1.5,blue_skies,pick,"16, 18, 19, 20",blue_skies_maple,blue_skies_maple,,
maple_shovel,Tnc 1.5,blue_skies,shovel,"16, 18, 19, 20",blue_skies_maple,blue_skies_maple,,
maple_spear,Tnc 1.5,blue_skies,spear,"16, 18, 19, 20",blue_skies_maple,blue_skies_moonstone,blue_skies_maple,
maple_sword,Tnc 1.5,blue_skies,sword,"16, 18, 19, 20",blue_skies_maple,blue_skies_maple,,
netherite_knife,Tnc,netheragriculture,knife,16,netheragriculture_knives,netherite,,sword/hilt basic_hilt/soot 0
netherite_opal_axe,Tnc 1.5,oresabovediamonds,axe,"16, 18, 19, 20",oresabovediamonds_netherite_opal,oresabovediamonds_netherite_opal,,double/handle basic_handle/soot 0
netherite_opal_hoe,Tnc 1.5,oresabovediamonds,hoe,"16, 18, 19, 20",oresabovediamonds_netherite_opal,oresabovediamonds_netherite_opal,,double/handle basic_handle/soot 0
netherite_opal_pickaxe,Tnc 1.5,oresabovediamonds,pick,"16, 18, 19, 20",oresabovediamonds_netherite_opal,oresabovediamonds_netherite_opal,,double/handle basic_handle/soot 0
netherite_opal_shovel,Tnc 1.5,oresabovediamonds,shovel,"16, 18, 19, 20",oresabovediamonds_netherite_opal,oresabovediamonds_netherite_opal,,single/handle basic_handle/soot 0
netherite_opal_sword,Tnc 1.5,oresabovediamonds,sword,"16, 18, 19, 20",oresabovediamonds_netherite_opal,oresabovediamonds_netherite_opal,,sword/hilt basic_hilt/soot 0
pendorite_axe,Tnc,byg,axe,"16, 18, 19",byg_pendorite,byg_pendorite,,
pendorite_battleaxe,Tnc,byg,double_axe,"16, 18, 19",byg_pendorite,byg_pendorite,,
pendorite_hoe,Tnc,byg,hoe,"16, 18, 19",byg_pendorite,byg_pendorite,,
pendorite_pickaxe,Tnc,byg,pick,"16, 18, 19",byg_pendorite,byg_pendorite,,
pendorite_shovel,Tnc,byg,shovel,"16, 18, 19",byg_pendorite,byg_pendorite,,
pendorite_sword,Tnc,byg,sword,"16, 18, 19",byg_pendorite,byg_pendorite,,
plasma_axe,Tnc 1.5,deep_dark_regrowth,axe,"19, 20",deep_dark_regrowth_plasma,deep_dark_regrowth_plasma,,
plasma_hoe,Tnc 1.5,deep_dark_regrowth,hoe,"19, 20",deep_dark_regrowth_plasma,deep_dark_regrowth_plasma,,
plasma_pickaxe,Tnc 1.5,deep_dark_regrowth,pick,"19, 20",deep_dark_regrowth_plasma,deep_dark_regrowth_plasma,,
plasma_shovel,Tnc 1.5,deep_dark_regrowth,shovel,"19, 20",deep_dark_regrowth_plasma,deep_dark_regrowth_plasma,,
platinum_axe,Tnc,wyrmroost,axe,16,wyrmroost_platinum,wyrmroost_platinum,,
platinum_hoe,Tnc,wyrmroost,hoe,16,wyrmroost_platinum,wyrmroost_platinum,,
platinum_pickaxe,Tnc,wyrmroost,pick,16,wyrmroost_platinum,wyrmroost_platinum,,
platinum_shovel,Tnc,wyrmroost,shovel,16,wyrmroost_platinum,wyrmroost_platinum,,
platinum_sword,Tnc,wyrmroost,sword,16,wyrmroost_platinum,wyrmroost_platinum,,
poseidite_axe,Tnc 1.5,l2complements,axe,"19, 20",l2complements_poseidite,l2complements_poseidite,,
poseidite_hoe,Tnc 1.5,l2complements,hoe,"19, 20",l2complements_poseidite,l2complements_poseidite,,
poseidite_pickaxe,Tnc 1.5,l2complements,pick,"19, 20",l2complements_poseidite,l2complements_poseidite,,
poseidite_shovel,Tnc 1.5,l2complements,shovel,"19, 20",l2complements_poseidite,l2complements_poseidite,,
poseidite_sword,Tnc 1.5,l2complements,sword,"19, 20",l2complements_poseidite,l2complements_poseidite,,
purple_geode_axe,Tnc,wyrmroost,double_axe,16,wyrmroost_purple_geode,wyrmroost_purple_geode,,
purple_geode_hoe,Tnc,wyrmroost,hoe,16,wyrmroost_purple_geode,wyrmroost_purple_geode,,
purple_geode_pickaxe,Tnc,wyrmroost,pick,16,wyrmroost_purple_geode,wyrmroost_purple_geode,,
purple_geode_shovel,Tnc,wyrmroost,shovel,16,wyrmroost_purple_geode,wyrmroost_purple_geode,,
purple_geode_sword,Tnc,wyrmroost,sword,16,wyrmroost_purple_geode,wyrmroost_purple_geode,,
pyrope_axe,Tnc 1.5,blue_skies,axe,"16, 18, 19, 20",blue_skies_pyrope,blue_skies_pyrope,,
pyrope_hoe,Tnc 1.5,blue_skies,hoe,"16, 18, 19, 20",blue_skies_pyrope,blue_skies_pyrope,,
pyrope_pickaxe,Tnc 1.5,blue_skies,pick,"16, 18, 19, 20",blue_skies_pyrope,blue_skies_pyrope,,
pyrope_shovel,Tnc 1.5,blue_skies,shovel,"16, 18, 19, 20",blue_skies_pyrope,blue_skies_pyrope,,
pyrope_sword,Tnc 1.5,blue_skies,sword,"16, 18, 19, 20",blue_skies_pyrope,blue_skies_pyrope,,
red_geode_axe,Tnc,wyrmroost,double_axe,16,wyrmroost_red_geode,wyrmroost_red_geode,,
red_geode_hoe,Tnc,wyrmroost,hoe,16,wyrmroost_red_geode,wyrmroost_red_geode,,
red_geode_pickaxe,Tnc,wyrmroost,pick,16,wyrmroost_red_geode,wyrmroost_red_geode,,
red_geode_shovel,Tnc,wyrmroost,shovel,16,wyrmroost_red_geode,wyrmroost_red_geode,,
red_geode_sword,Tnc,wyrmroost,sword,16,wyrmroost_red_geode,wyrmroost_red_geode,,
sculkium_axe,Tnc 1.5,l2complements,axe,"19, 20",l2complements_sculkium,l2complements_sculkium,netherite,
sculkium_hoe,Tnc 1.5,l2complements,hoe,"19, 20",l2complements_sculkium,l2complements_sculkium,netherite,
sculkium_pickaxe,Tnc 1.5,l2complements,pick,"19, 20",l2complements_sculkium,l2complements_sculkium,netherite,
sculkium_shovel,Tnc 1.5,l2complements,shovel,"19, 20",l2complements_sculkium,l2complements_sculkium,netherite,
sculkium_sword,Tnc 1.5,l2complements,sword,"19, 20",l2complements_sculkium,l2complements_sculkium,netherite,
shulkerate_axe,Tnc 1.5,l2complements,axe,"19, 20",l2complements_shulkerate,l2complements_shulkerate,iron,
shulkerate_hoe,Tnc 1.5,l2complements,hoe,"19, 20",l2complements_shulkerate,l2complements_shulkerate,iron,
shulkerate_pickaxe,Tnc 1.5,l2complements,pick,"19, 20",l2complements_shulkerate,l2complements_shulkerate,iron,
shulkerate_shovel,Tnc 1.5,l2complements,shovel,"19, 20",l2complements_shulkerate,l2complements_shulkerate,iron,
shulkerate_sword,Tnc 1.5,l2complements,sword,"19, 20",l2complements_shulkerate,l2complements_shulkerate,iron,
starlit_axe,Tnc 1.5,blue_skies,axe,"16, 18, 19, 20",blue_skies_starlit,blue_skies_starlit_wood,,
starlit_hoe,Tnc 1.5,blue_skies,hoe,"16, 18, 19, 20",blue_skies_starlit,blue_skies_starlit_wood,,
starlit_pickaxe,Tnc 1.5,blue_skies,pick,"16, 18, 19, 20",blue_skies_starlit,blue_skies_starlit_wood,,
starlit_shovel,Tnc 1.5,blue_skies,shovel,"16, 18, 19, 20",blue_skies_starlit,blue_skies_starlit_wood,,
starlit_spear,Tnc 1.5,blue_skies,spear,"16, 18, 19, 20",blue_skies_starlit,blue_skies_moonstone,blue_skies_starlit,
starlit_sword,Tnc 1.5,blue_skies,sword,"16, 18, 19, 20",blue_skies_starlit,blue_skies_starlit_wood,,
steeleaf_axe,Tnc,twilightforest,axe,"16, 18, 19, 20",twilightforest_steeleaf,twilightforest_steeleaf,,
steeleaf_hoe,Tnc,twilightforest,hoe,"16, 18, 19, 20",twilightforest_steeleaf,twilightforest_steeleaf,,
steeleaf_pickaxe,Tnc,twilightforest,pick,"16, 18, 19, 20",twilightforest_steeleaf,twilightforest_steeleaf,,
steeleaf_shovel,Tnc,twilightforest,shovel,"16, 18, 19, 20",twilightforest_steeleaf,twilightforest_steeleaf,,
steeleaf_sword,Tnc,twilightforest,sword,"16, 18, 19, 20",twilightforest_steeleaf,twilightforest_steeleaf,,
stellium_axe,Tnc 1.5,phantasm,axe,"16, 18, 19",phantasm_stellium,phantasm_stellium,,
stellium_hoe,Tnc 1.5,phantasm,hoe,"16, 18, 19",phantasm_stellium,phantasm_stellium,,
stellium_pickaxe,Tnc 1.5,phantasm,pick,"16, 18, 19",phantasm_stellium,phantasm_stellium,,
stellium_shovel,Tnc 1.5,phantasm,shovel,"16, 18, 19",phantasm_stellium,phantasm_stellium,,
stellium_sword,Tnc 1.5,phantasm,sword,"16, 18, 19",phantasm_stellium,phantasm_stellium,,
stoneguard_greatsword,Tnc,atum,greatsword,16,atum_stoneguard,atum_khnumite,,sword/blade brutal 0
stoneguard_sword,Tnc,atum,sword,16,atum_stoneguard,atum_khnumite,,
terminite_axe,Tnc,betterendforge,axe,16,betterendforge_terminite,betterendforge_terminite,,
terminite_hoe,Tnc,betterendforge,hoe,16,betterendforge_terminite,betterendforge_terminite,,
terminite_pickaxe,Tnc,betterendforge,pick,16,betterendforge_terminite,betterendforge_terminite,,
terminite_shovel,Tnc,betterendforge,shovel,16,betterendforge_terminite,betterendforge_terminite,,
terminite_sword,Tnc,betterendforge,sword,16,betterendforge_terminite,betterendforge_terminite,,
thallasium_axe,Tnc,betterendforge,axe,16,betterendforge_thallasium,betterendforge_thallasium,,
thallasium_hoe,Tnc,betterendforge,hoe,16,betterendforge_thallasium,betterendforge_thallasium,,
thallasium_pickaxe,Tnc,betterendforge,pick,16,betterendforge_thallasium,betterendforge_thallasium,,
thallasium_shovel,Tnc,betterendforge,shovel,16,betterendforge_thallasium,betterendforge_thallasium,,
thallasium_sword,Tnc,betterendforge,sword,16,betterendforge_thallasium,betterendforge_thallasium,,
titanite_axe,Tnc 1.5,voidscape,axe,"16, 18, 19, 20",voidscape_titanite,voidscape_titanite,,
titanite_hoe,Tnc 1.5,voidscape,hoe,"16, 18, 19, 20",voidscape_titanite,voidscape_titanite,,
titanite_pickaxe,Tnc 1.5,voidscape,pick,"16, 18, 19, 20",voidscape_titanite,voidscape_titanite,,
titanite_sword,Tnc 1.5,voidscape,sword,"16, 18, 19, 20",voidscape_titanite,voidscape_titanite,,
"tool/amethystaxe, tool/amethyst_axe",Tnc 1.5,ms,axe,"16; 18, 19, 20",ms_amethyst,ms_amethyst,,
"tool/amethysthoe, tool/amethyst_hoe",Tnc 1.5,ms,hoe,"16; 18, 19, 20",ms_amethyst,ms_amethyst,,
"tool/amethystpickaxe, tool/amethyst_pickaxe",Tnc 1.5,ms,pick,"16; 18, 19, 20",ms_amethyst,ms_amethyst,,
"tool/amethystshovel, tool/amethyst_shovel",Tnc 1.5,ms,shovel,"16; 18, 19, 20",ms_amethyst,ms_amethyst,,
"tool/amethystsword, tool/amethyst_sword",Tnc 1.5,ms,sword,"16; 18, 19, 20",ms_amethyst,ms_amethyst,,
"tool/aquamarineaxe, tool/aquamarine_axe",Tnc 1.5,ms,axe,"16; 18, 19, 20",ms_aquamarine,ms_aquamarine,,
"tool/aquamarinehoe, tool/aquamarine_hoe",Tnc 1.5,ms,hoe,"16; 18, 19, 20",ms_aquamarine,ms_aquamarine,,
"tool/aquamarinepickaxe, tool/aquamarine_pickaxe",Tnc 1.5,ms,pick,"16; 18, 19, 20",ms_aquamarine,ms_aquamarine,,
"tool/aquamarineshovel, tool/aquamarine_shovel",Tnc 1.5,ms,shovel,"16; 18, 19, 20",ms_aquamarine,ms_aquamarine,,
"tool/aquamarinesword, tool/aquamarine_sword",Tnc 1.5,ms,sword,"16; 18, 19, 20",ms_aquamarine,ms_aquamarine,,
"tool/blackdiamondaxe, tool/black_diamond_axe",Tnc 1.5,ms,axe,"16; 18, 19, 20",ms_black_diamond,ms_black_diamond,,
"tool/blackdiamondhoe, tool/black_diamond_hoe",Tnc 1.5,ms,hoe,"16; 18, 19, 20",ms_black_diamond,ms_black_diamond,,
"tool/blackdiamondpickaxe, tool/black_diamond_pickaxe",Tnc 1.5,ms,pick,"16; 18, 19, 20",ms_black_diamond,ms_black_diamond,,
"tool/blackdiamondshovel, tool/black_diamond_shovel",Tnc 1.5,ms,shovel,"16; 18, 19, 20",ms_black_diamond,ms_black_diamond,,
"tool/blackdiamondsword, tool/black_diamond_sword",Tnc 1.5,ms,sword,"16; 18, 19, 20",ms_black_diamond,ms_black_diamond,,
"tool/blazeaxe, tool/blaze_axe",Tnc 1.5,ms,axe,"16; 18, 19, 20",ms_blaze,ms_blaze,iron,
"tool/blazehoe, tool/blaze_hoe",Tnc 1.5,ms,hoe,"16; 18, 19, 20",ms_blaze,ms_blaze,iron,
"tool/blazepickaxe, tool/blaze_pickaxe",Tnc 1.5,ms,pick,"16; 18, 19, 20",ms_blaze,ms_blaze,iron,
"tool/blazeshovel, tool/blaze_shovel",Tnc 1.5,ms,shovel,"16; 18, 19, 20",ms_blaze,ms_blaze,iron,
"tool/blazesword, tool/blaze_sword",Tnc 1.5,ms,sword,"16; 18, 19, 20",ms_blaze,ms_blaze,iron,
"tool/bronzeaxe, tool/bronze_axe",Tnc 1.5,ms,axe,"16; 18, 19, 20",ms_bronze,ms_bronze,,
"tool/bronzehoe, tool/bronze_hoe",Tnc 1.5,ms,hoe,"16; 18, 19, 20",ms_bronze,ms_bronze,,
"tool/bronzepickaxe, tool/bronze_pickaxe",Tnc 1.5,ms,pick,"16; 18, 19, 20",ms_bronze,ms_bronze,,
"tool/bronzeshovel, tool/bronze_shovel",Tnc 1.5,ms,shovel,"16; 18, 19, 20",ms_bronze,ms_bronze,,
"tool/bronzesword, tool/bronze_sword",Tnc 1.5,ms,sword,"16; 18, 19, 20",ms_bronze,ms_bronze,,
"tool/chromiteaxe, tool/chromite_axe",Tnc 1.5,ms,axe,"16; 18, 19, 20",ms_chromite,ms_chromite,,
"tool/chromitehoe, tool/chromite_hoe",Tnc 1.5,ms,hoe,"16; 18, 19, 20",ms_chromite,ms_chromite,,
"tool/chromitepickaxe, tool/chromite_pickaxe",Tnc 1.5,ms,pick,"16; 18, 19, 20",ms_chromite,ms_chromite,,
"tool/chromiteshovel, tool/chromite_shovel",Tnc 1.5,ms,shovel,"16; 18, 19, 20",ms_chromite,ms_chromite,,
"tool/chromitesword, tool/chromite_sword",Tnc 1.5,ms,sword,"16; 18, 19, 20",ms_chromite,ms_chromite,,
"tool/citrineaxe, tool/citrine_axe",Tnc 1.5,ms,axe,"16; 18, 19, 20",ms_citrine,ms_citrine,,
"tool/citrinehoe, tool/citrine_hoe",Tnc 1.5,ms,hoe,"16; 18, 19, 20",ms_citrine,ms_citrine,,
"tool/citrinepickaxe, tool/citrine_pickaxe",Tnc 1.5,ms,pick,"16; 18, 19, 20",ms_citrine,ms_citrine,,
"tool/citrineshovel, tool/citrine_shovel",Tnc 1.5,ms,shovel,"16; 18, 19, 20",ms_citrine,ms_citrine,,
"tool/citrinesword, tool/citrine_sword",Tnc 1.5,ms,sword,"16; 18, 19, 20",ms_citrine,ms_citrine,,
"tool/cobaltaxe, tool/cobalt_axe",Tnc 1.5,ms,axe,"16; 18, 19, 20",ms_cobalt,ms_cobalt,,
"tool/cobalthoe, tool/cobalt_hoe",Tnc 1.5,ms,hoe,"16; 18, 19, 20",ms_cobalt,ms_cobalt,,
"tool/cobaltpickaxe, tool/cobalt_pickaxe",Tnc 1.5,ms,pick,"16; 18, 19, 20",ms_cobalt,ms_cobalt,,
"tool/cobaltshovel, tool/cobalt_shovel",Tnc 1.5,ms,shovel,"16; 18, 19, 20",ms_cobalt,ms_cobalt,,
"tool/cobaltsword, tool/cobalt_sword",Tnc 1.5,ms,sword,"16; 18, 19, 20",ms_cobalt,ms_cobalt,,
"tool/copperaxe, tool/copper_axe",Tnc 1.5,ms,axe,"16; 18, 19, 20",ms_copper,copper,,
"tool/copperhoe, tool/copper_hoe",Tnc 1.5,ms,hoe,"16; 18, 19, 20",ms_copper,copper,,
"tool/copperpickaxe, tool/copper_pickaxe",Tnc 1.5,ms,pick,"16; 18, 19, 20",ms_copper,copper,,
"tool/coppershovel, tool/copper_shovel",Tnc 1.5,ms,shovel,"16; 18, 19, 20",ms_copper,copper,,
"tool/coppersword, tool/copper_sword",Tnc 1.5,ms,sword,"16; 18, 19, 20",ms_copper,copper,,
"tool/demoniteaxe, tool/demonite_axe",Tnc 1.5,ms,axe,"16; 18, 19, 20",ms_demonite,ms_demonite,,
"tool/demonitehoe, tool/demonite_hoe",Tnc 1.5,ms,hoe,"16; 18, 19, 20",ms_demonite,ms_demonite,,
"tool/demonitepickaxe, tool/demonite_pickaxe",Tnc 1.5,ms,pick,"16; 18, 19, 20",ms_demonite,ms_demonite,,
"tool/demoniteshovel, tool/demonite_shovel",Tnc 1.5,ms,shovel,"16; 18, 19, 20",ms_demonite,ms_demonite,,
"tool/demonitesword, tool/demonite_sword",Tnc 1.5,ms,sword,"16; 18, 19, 20",ms_demonite,ms_demonite,,
"tool/emeraldaxe, tool/emerald_axe",Tnc 1.5,ms,axe,"16; 18, 19, 20",ms_emerald,emerald,,
"tool/emeraldhoe, tool/emerald_hoe",Tnc 1.5,ms,hoe,"16; 18, 19, 20",ms_emerald,emerald,,
"tool/emeraldpickaxe, tool/emerald_pickaxe",Tnc 1.5,ms,pick,"16; 18, 19, 20",ms_emerald,emerald,,
"tool/emeraldshovel, tool/emerald_shovel",Tnc 1.5,ms,shovel,"16; 18, 19, 20",ms_emerald,emerald,,
"tool/emeraldsword, tool/emerald_sword",Tnc 1.5,ms,sword,"16; 18, 19, 20",ms_emerald,emerald,,
"tool/flintaxe, tool/flint_axe",Tnc 1.5,ms,axe,"16; 18, 19, 20",ms_flint,flint,,
"tool/flinthoe, tool/flint_hoe",Tnc 1.5,ms,hoe,"16; 18, 19, 20",ms_flint,flint,,
"tool/flintpickaxe, tool/flint_pickaxe",Tnc 1.5,ms,pick,"16; 18, 19, 20",ms_flint,flint,,
"tool/flintshovel, tool/flint_shovel",Tnc 1.5,ms,shovel,"16; 18, 19, 20",ms_flint,flint,,
"tool/flintsword, tool/flint_sword",Tnc 1.5,ms,sword,"16; 18, 19, 20",ms_flint,flint,,
"tool/glowoodaxe, tool/glowood_axe",Tnc 1.5,ms,axe,"16; 18, 19, 20",ms_glowood,ms_glowood,ms_glowood,
"tool/glowoodhoe, tool/glowood_hoe",Tnc 1.5,ms,hoe,"16; 18, 19, 20",ms_glowood,ms_glowood,ms_glowood,
"tool/glowoodpickaxe, tool/glowood_pickaxe",Tnc 1.5,ms,pick,"16; 18, 19, 20",ms_glowood,ms_glowood,ms_glowood,
"tool/glowoodshovel, tool/glowood_shovel",Tnc 1.5,ms,shovel,"16; 18, 19, 20",ms_glowood,ms_glowood,ms_glowood,
"tool/glowoodsword, tool/glowood_sword",Tnc 1.5,ms,sword,"16; 18, 19, 20",ms_glowood,ms_glowood,ms_glowood,
"tool/hellfireaxe, tool/hellfire_axe",Tnc 1.5,ms,axe,"16; 18, 19, 20",ms_hellfire,ms_hellfire,iron,
"tool/hellfirehoe, tool/hellfire_hoe",Tnc 1.5,ms,hoe,"16; 18, 19, 20",ms_hellfire,ms_hellfire,iron,
"tool/hellfirepickaxe, tool/hellfire_pickaxe",Tnc 1.5,ms,pick,"16; 18, 19, 20",ms_hellfire,ms_hellfire,iron,
"tool/hellfireshovel, tool/hellfire_shovel",Tnc 1.5,ms,shovel,"16; 18, 19, 20",ms_hellfire,ms_hellfire,iron,
"tool/hellfiresword, tool/hellfire_sword",Tnc 1.5,ms,sword,"16; 18, 19, 20",ms_hellfire,ms_hellfire,iron,
"tool/jadeaxe, tool/jade_axe",Tnc 1.5,ms,axe,"16; 18, 19, 20",ms_jade,ms_jade,,
"tool/jadehoe, tool/jade_hoe",Tnc 1.5,ms,hoe,"16; 18, 19, 20",ms_jade,ms_jade,,
"tool/jadepickaxe, tool/jade_pickaxe",Tnc 1.5,ms,pick,"16; 18, 19, 20",ms_jade,ms_jade,,
"tool/jadeshovel, tool/jade_shovel",Tnc 1.5,ms,shovel,"16; 18, 19, 20",ms_jade,ms_jade,,
"tool/jadesword, tool/jade_sword",Tnc 1.5,ms,sword,"16; 18, 19, 20",ms_jade,ms_jade,,
"tool/liniumaxe, tool/linium_axe",Tnc 1.5,ms,axe,"16; 18, 19, 20",ms_linium,ms_linium,ms_wither_rod,
"tool/liniumhoe, tool/linium_hoe",Tnc 1.5,ms,hoe,"16; 18, 19, 20",ms_linium,ms_linium,ms_wither_rod,
"tool/liniumpickaxe, tool/linium_pickaxe",Tnc 1.5,ms,pick,"16; 18, 19, 20",ms_linium,ms_linium,ms_wither_rod,
"tool/liniumshovel, tool/linium_shovel",Tnc 1.5,ms,shovel,"16; 18, 19, 20",ms_linium,ms_linium,ms_wither_rod,
"tool/liniumsword, tool/linium_sword",Tnc 1.5,ms,sword,"16; 18, 19, 20",ms_linium,ms_linium,ms_wither_rod,
"tool/mithrilaxe, tool/mithril_axe",Tnc 1.5,ms,axe,"16; 18, 19, 20",ms_mithril,ms_mithril,iron,
"tool/mithrilhoe, tool/mithril_hoe",Tnc 1.5,ms,hoe,"16; 18, 19, 20",ms_mithril,ms_mithril,iron,
"tool/mithrilpickaxe, tool/mithril_pickaxe",Tnc 1.5,ms,pick,"16; 18, 19, 20",ms_mithril,ms_mithril,iron,
"tool/mithrilshovel, tool/mithril_shovel",Tnc 1.5,ms,shovel,"16; 18, 19, 20",ms_mithril,ms_mithril,iron,
"tool/mithrilsword, tool/mithril_sword",Tnc 1.5,ms,sword,"16; 18, 19, 20",ms_mithril,ms_mithril,iron,
"tool/neridiumaxe, tool/neridium_axe",Tnc 1.5,ms,axe,"16; 18, 19, 20",ms_neridium,ms_neridium,ms_glowood,
"tool/neridiumhoe, tool/neridium_hoe",Tnc 1.5,ms,hoe,"16; 18, 19, 20",ms_neridium,ms_neridium,ms_glowood,
"tool/neridiumpickaxe, tool/neridium_pickaxe",Tnc 1.5,ms,pick,"16; 18, 19, 20",ms_neridium,ms_neridium,ms_glowood,
"tool/neridiumshovel, tool/neridium_shovel",Tnc 1.5,ms,shovel,"16; 18, 19, 20",ms_neridium,ms_neridium,ms_glowood,
"tool/neridiumsword, tool/neridium_sword",Tnc 1.5,ms,sword,"16; 18, 19, 20",ms_neridium,ms_neridium,ms_glowood,
"tool/obsidianaxe, tool/obsidian_axe",Tnc 1.5,ms,axe,"16; 18, 19, 20",ms_obsidian,ms_obsidian,iron,
"tool/obsidianhoe, tool/obsidian_hoe",Tnc 1.5,ms,hoe,"16; 18, 19, 20",ms_obsidian,ms_obsidian,iron,
"tool/obsidianpickaxe, tool/obsidian_pickaxe",Tnc 1.5,ms,pick,"16; 18, 19, 20",ms_obsidian,ms_obsidian,iron,
"tool/obsidianshovel, tool/obsidian_shovel",Tnc 1.5,ms,shovel,"16; 18, 19, 20",ms_obsidian,ms_obsidian,iron,
"tool/obsidiansword, tool/obsidian_sword",Tnc 1.5,ms,sword,"16; 18, 19, 20",ms_obsidian,ms_obsidian,iron,
"tool/olivineaxe, tool/olivine_axe",Tnc 1.5,ms,axe,"16; 18, 19, 20",ms_olivine,ms_olivine,,
"tool/olivinehoe, tool/olivine_hoe",Tnc 1.5,ms,hoe,"16; 18, 19, 20",ms_olivine,ms_olivine,,
"tool/olivinepickaxe, tool/olivine_pickaxe",Tnc 1.5,ms,pick,"16; 18, 19, 20",ms_olivine,ms_olivine,,
"tool/olivineshovel, tool/olivine_shovel",Tnc 1.5,ms,shovel,"16; 18, 19, 20",ms_olivine,ms_olivine,,
"tool/olivinesword, tool/olivine_sword",Tnc 1.5,ms,sword,"16; 18, 19, 20",ms_olivine,ms_olivine,,
"tool/onyxaxe, tool/onyx_axe",Tnc 1.5,ms,axe,"16; 18, 19, 20",ms_onyx,ms_onyx,,
"tool/onyxhoe, tool/onyx_hoe",Tnc 1.5,ms,hoe,"16; 18, 19, 20",ms_onyx,ms_onyx,,
"tool/onyxpickaxe, tool/onyx_pickaxe",Tnc 1.5,ms,pick,"16; 18, 19, 20",ms_onyx,ms_onyx,,
"tool/onyxshovel, tool/onyx_shovel",Tnc 1.5,ms,shovel,"16; 18, 19, 20",ms_onyx,ms_onyx,,
"tool/onyxsword, tool/onyx_sword",Tnc 1.5,ms,sword,"16; 18, 19, 20",ms_onyx,ms_onyx,,
"tool/opalaxe, tool/opal_axe",Tnc 1.5,ms,axe,"16; 18, 19, 20",ms_opal,ms_opal,,
"tool/opalhoe, tool/opal_hoe",Tnc 1.5,ms,hoe,"16; 18, 19, 20",ms_opal,ms_opal,,
"tool/opalpickaxe, tool/opal_pickaxe",Tnc 1.5,ms,pick,"16; 18, 19, 20",ms_opal,ms_opal,,
"tool/opalshovel, tool/opal_shovel",Tnc 1.5,ms,shovel,"16; 18, 19, 20",ms_opal,ms_opal,,
"tool/opalsword, tool/opal_sword",Tnc 1.5,ms,sword,"16; 18, 19, 20",ms_opal,ms_opal,,
"tool/platinumaxe, tool/platinum_axe",Tnc 1.5,ms,axe,"16; 18, 19, 20",ms_platinum,ms_platinum,blaze_rod,
"tool/platinumhoe, tool/platinum_hoe",Tnc 1.5,ms,hoe,"16; 18, 19, 20",ms_platinum,ms_platinum,blaze_rod,
"tool/platinumpickaxe, tool/platinum_pickaxe",Tnc 1.5,ms,pick,"16; 18, 19, 20",ms_platinum,ms_platinum,blaze_rod,
"tool/platinumshovel, tool/platinum_shovel",Tnc 1.5,ms,shovel,"16; 18, 19, 20",ms_platinum,ms_platinum,blaze_rod,
"tool/platinumsword, tool/platinum_sword",Tnc 1.5,ms,sword,"16; 18, 19, 20",ms_platinum,ms_platinum,blaze_rod,
"tool/pyridiumaxe, tool/pyridium_axe",Tnc 1.5,ms,axe,"16; 18, 19, 20",ms_pyridium,ms_pyridium,ms_wither_rod,
"tool/pyridiumhoe, tool/pyridium_hoe",Tnc 1.5,ms,hoe,"16; 18, 19, 20",ms_pyridium,ms_pyridium,ms_wither_rod,
"tool/pyridiumpickaxe, tool/pyridium_pickaxe",Tnc 1.5,ms,pick,"16; 18, 19, 20",ms_pyridium,ms_pyridium,ms_wither_rod,
"tool/pyridiumshovel, tool/pyridium_shovel",Tnc 1.5,ms,shovel,"16; 18, 19, 20",ms_pyridium,ms_pyridium,ms_wither_rod,
"tool/pyridiumsword, tool/pyridium_sword",Tnc 1.5,ms,sword,"16; 18, 19, 20",ms_pyridium,ms_pyridium,ms_wither_rod,
"tool/quartzaxe, tool/quartz_axe",Tnc 1.5,ms,axe,"16; 18, 19, 20",ms_quartz,ms_quartz,,
"tool/quartzhoe, tool/quartz_hoe",Tnc 1.5,ms,hoe,"16; 18, 19, 20",ms_quartz,ms_quartz,,
"tool/quartzpickaxe, tool/quartz_pickaxe",Tnc 1.5,ms,pick,"16; 18, 19, 20",ms_quartz,ms_quartz,,
"tool/quartzshovel, tool/quartz_shovel",Tnc 1.5,ms,shovel,"16; 18, 19, 20",ms_quartz,ms_quartz,,
"tool/quartzsword, tool/quartz_sword",Tnc 1.5,ms,sword,"16; 18, 19, 20",ms_quartz,ms_quartz,,
"tool/redstoneaxe, tool/redstone_axe",Tnc 1.5,ms,axe,"16; 18, 19, 20",ms_redstone,ms_redstone,,
"tool/redstonehoe, tool/redstone_hoe",Tnc 1.5,ms,hoe,"16; 18, 19, 20",ms_redstone,ms_redstone,,
"tool/redstonepickaxe, tool/redstone_pickaxe",Tnc 1.5,ms,pick,"16; 18, 19, 20",ms_redstone,ms_redstone,,
"tool/redstoneshovel, tool/redstone_shovel",Tnc 1.5,ms,shovel,"16; 18, 19, 20",ms_redstone,ms_redstone,,
"tool/redstonesword, tool/redstone_sword",Tnc 1.5,ms,sword,"16; 18, 19, 20",ms_redstone,ms_redstone,,
"tool/rubyaxe, tool/ruby_axe",Tnc 1.5,ms,axe,"16; 18, 19, 20",ms_ruby,ms_ruby,,
"tool/rubyhoe, tool/ruby_hoe",Tnc 1.5,ms,hoe,"16; 18, 19, 20",ms_ruby,ms_ruby,,
"tool/rubypickaxe, tool/ruby_pickaxe",Tnc 1.5,ms,pick,"16; 18, 19, 20",ms_ruby,ms_ruby,,
"tool/rubyshovel, tool/ruby_shovel",Tnc 1.5,ms,shovel,"16; 18, 19, 20",ms_ruby,ms_ruby,,
"tool/rubysword, tool/ruby_sword",Tnc 1.5,ms,sword,"16; 18, 19, 20",ms_ruby,ms_ruby,,
"tool/sapphireaxe, tool/sapphire_axe",Tnc 1.5,ms,axe,"16; 18, 19, 20",ms_sapphire,ms_sapphire,,
"tool/sapphirehoe, tool/sapphire_hoe",Tnc 1.5,ms,hoe,"16; 18, 19, 20",ms_sapphire,ms_sapphire,,
"tool/sapphirepickaxe, tool/sapphire_pickaxe",Tnc 1.5,ms,pick,"16; 18, 19, 20",ms_sapphire,ms_sapphire,,
"tool/sapphireshovel, tool/sapphire_shovel",Tnc 1.5,ms,shovel,"16; 18, 19, 20",ms_sapphire,ms_sapphire,,
"tool/sapphiresword, tool/sapphire_sword",Tnc 1.5,ms,sword,"16; 18, 19, 20",ms_sapphire,ms_sapphire,,
"tool/scarletemeraldaxe, tool/scarlet_emerald_axe",Tnc 1.5,ms,axe,"16; 18, 19, 20",ms_scarlet_emerald,ms_scarlet_emerald,,
"tool/scarletemeraldhoe, tool/scarlet_emerald_hoe",Tnc 1.5,ms,hoe,"16; 18, 19, 20",ms_scarlet_emerald,ms_scarlet_emerald,,
"tool/scarletemeraldpickaxe, tool/scarlet_emerald_pickaxe",Tnc 1.5,ms,pick,"16; 18, 19, 20",ms_scarlet_emerald,ms_scarlet_emerald,,
"tool/scarletemeraldshovel, tool/scarlet_emerald_shovel",Tnc 1.5,ms,shovel,"16; 18, 19, 20",ms_scarlet_emerald,ms_scarlet_emerald,,
"tool/scarletemeraldsword, tool/scarlet_emerald_sword",Tnc 1.5,ms,sword,"16; 18, 19, 20",ms_scarlet_emerald,ms_scarlet_emerald,,
"tool/silveraxe, tool/silver_axe",Tnc 1.5,ms,axe,"16; 18, 19, 20",ms_silver,ms_silver,,
"tool/silverhoe, tool/silver_hoe",Tnc 1.5,ms,hoe,"16; 18, 19, 20",ms_silver,ms_silver,,
"tool/silverpickaxe, tool/silver_pickaxe",Tnc 1.5,ms,pick,"16; 18, 19, 20",ms_silver,ms_silver,,
"tool/silvershovel, tool/silver_shovel",Tnc 1.5,ms,shovel,"16; 18, 19, 20",ms_silver,ms_silver,,
"tool/silversword, tool/silver_sword",Tnc 1.5,ms,sword,"16; 18, 19, 20",ms_silver,ms_silver,,
"tool/steelaxe, tool/steel_axe",Tnc 1.5,ms,axe,"16; 18, 19, 20",ms_steel,ms_steel,,
"tool/steelhoe, tool/steel_hoe",Tnc 1.5,ms,hoe,"16; 18, 19, 20",ms_steel,ms_steel,,
"tool/steelpickaxe, tool/steel_pickaxe",Tnc 1.5,ms,pick,"16; 18, 19, 20",ms_steel,ms_steel,,
"tool/steelshovel, tool/steel_shovel",Tnc 1.5,ms,shovel,"16; 18, 19, 20",ms_steel,ms_steel,,
"tool/steelsword, tool/steel_sword",Tnc 1.5,ms,sword,"16; 18, 19, 20",ms_steel,ms_steel,,
"tool/tanzaniteaxe, tool/tanzanite_axe",Tnc 1.5,ms,axe,"16; 18, 19, 20",ms_tanzanite,ms_tanzanite,,
"tool/tanzanitehoe, tool/tanzanite_hoe",Tnc 1.5,ms,hoe,"16; 18, 19, 20",ms_tanzanite,ms_tanzanite,,
"tool/tanzanitepickaxe, tool/tanzanite_pickaxe",Tnc 1.5,ms,pick,"16; 18, 19, 20",ms_tanzanite,ms_tanzanite,,
"tool/tanzaniteshovel, tool/tanzanite_shovel",Tnc 1.5,ms,shovel,"16; 18, 19, 20",ms_tanzanite,ms_tanzanite,,
"tool/tanzanitesword, tool/tanzanite_sword",Tnc 1.5,ms,sword,"16; 18, 19, 20",ms_tanzanite,ms_tanzanite,,
"tool/tinaxe, tool/tin_axe",Tnc 1.5,ms,axe,"16; 18, 19, 20",ms_tin,ms_tin,,
"tool/tinhoe, tool/tin_hoe",Tnc 1.5,ms,hoe,"16; 18, 19, 20",ms_tin,ms_tin,,
"tool/tinpickaxe, tool/tin_pickaxe",Tnc 1.5,ms,pick,"16; 18, 19, 20",ms_tin,ms_tin,,
"tool/tinshovel, tool/tin_shovel",Tnc 1.5,ms,shovel,"16; 18, 19, 20",ms_tin,ms_tin,,
"tool/tinsword, tool/tin_sword",Tnc 1.5,ms,sword,"16; 18, 19, 20",ms_tin,ms_tin,,
"tool/titaniumaxe, tool/titanium_axe",Tnc 1.5,ms,axe,"16; 18, 19, 20",ms_titanium,ms_titanium,,
"tool/titaniumhoe, tool/titanium_hoe",Tnc 1.5,ms,hoe,"16; 18, 19, 20",ms_titanium,ms_titanium,,
"tool/titaniumpickaxe, tool/titanium_pickaxe",Tnc 1.5,ms,pick,"16; 18, 19, 20",ms_titanium,ms_titanium,,
"tool/titaniumshovel, tool/titanium_shovel",Tnc 1.5,ms,shovel,"16; 18, 19, 20",ms_titanium,ms_titanium,,
"tool/titaniumsword, tool/titanium_sword",Tnc 1.5,ms,sword,"16; 18, 19, 20",ms_titanium,ms_titanium,,
"tool/topazaxe, tool/topaz_axe",Tnc 1.5,ms,axe,"16; 18, 19, 20",ms_topaz,ms_topaz,,
"tool/topazhoe, tool/topaz_hoe",Tnc 1.5,ms,hoe,"16; 18, 19, 20",ms_topaz,ms_topaz,,
"tool/topazpickaxe, tool/topaz_pickaxe",Tnc 1.5,ms,pick,"16; 18, 19, 20",ms_topaz,ms_topaz,,
"tool/topazshovel, tool/topaz_shovel",Tnc 1.5,ms,shovel,"16; 18, 19, 20",ms_topaz,ms_topaz,,
"tool/topazsword, tool/topaz_sword",Tnc 1.5,ms,sword,"16; 18, 19, 20",ms_topaz,ms_topaz,,
"tool/trioaxe, tool/trio_axe",Tnc 1.5,ms,axe,"16; 18, 19, 20",ms_trio,ms_trio,,
"tool/triohoe, tool/trio_hoe",Tnc 1.5,ms,hoe,"16; 18, 19, 20",ms_trio,ms_trio,,
"tool/triopickaxe, tool/trio_pickaxe",Tnc 1.5,ms,pick,"16; 18, 19, 20",ms_trio,ms_trio,,
"tool/trioshovel, tool/trio_shovel",Tnc 1.5,ms,shovel,"16; 18, 19, 20",ms_trio,ms_trio,,
"tool/triosword, tool/trio_sword",Tnc 1.5,ms,sword,"16; 18, 19, 20",ms_trio,ms_trio,,
"tool/tungstenaxe, tool/tungsten_axe",Tnc 1.5,ms,axe,"16; 18, 19, 20",ms_tungsten,ms_tungsten,,
"tool/tungstenhoe, tool/tungsten_hoe",Tnc 1.5,ms,hoe,"16; 18, 19, 20",ms_tungsten,ms_tungsten,,
"tool/tungstenpickaxe, tool/tungsten_pickaxe",Tnc 1.5,ms,pick,"16; 18, 19, 20",ms_tungsten,ms_tungsten,,
"tool/tungstenshovel, tool/tungsten_shovel",Tnc 1.5,ms,shovel,"16; 18, 19, 20",ms_tungsten,ms_tungsten,,
"tool/tungstensword, tool/tungsten_sword",Tnc 1.5,ms,sword,"16; 18, 19, 20",ms_tungsten,ms_tungsten,,
"tool/turquoiseaxe, tool/turquoise_axe",Tnc 1.5,ms,axe,"16; 18, 19, 20",ms_turquoise,ms_turquoise,,
"tool/turquoisehoe, tool/turquoise_hoe",Tnc 1.5,ms,hoe,"16; 18, 19, 20",ms_turquoise,ms_turquoise,,
"tool/turquoisepickaxe, tool/turquoise_pickaxe",Tnc 1.5,ms,pick,"16; 18, 19, 20",ms_turquoise,ms_turquoise,,
"tool/turquoiseshovel, tool/turquoise_shovel",Tnc 1.5,ms,shovel,"16; 18, 19, 20",ms_turquoise,ms_turquoise,,
"tool/turquoisesword, tool/turquoise_sword",Tnc 1.5,ms,sword,"16; 18, 19, 20",ms_turquoise,ms_turquoise,,
"tool/uraniumaxe, tool/uranium_axe",Tnc 1.5,ms,axe,"16; 18, 19, 20",ms_uranium,ms_uranium,iron,
"tool/uraniumhoe, tool/uranium_hoe",Tnc 1.5,ms,hoe,"16; 18, 19, 20",ms_uranium,ms_uranium,iron,
"tool/uraniumpickaxe, tool/uranium_pickaxe",Tnc 1.5,ms,pick,"16; 18, 19, 20",ms_uranium,ms_uranium,iron,
"tool/uraniumshovel, tool/uranium_shovel",Tnc 1.5,ms,shovel,"16; 18, 19, 20",ms_uranium,ms_uranium,iron,
"tool/uraniumsword, tool/uranium_sword",Tnc 1.5,ms,sword,"16; 18, 19, 20",ms_uranium,ms_uranium,iron,
"tool/violiumaxe, tool/violium_axe",Tnc 1.5,ms,axe,"18, 19, 20",ms_violium,ms_violium,ms_aquiris_ember_rod,
"tool/violiumhoe, tool/violium_hoe",Tnc 1.5,ms,hoe,"18, 19, 20",ms_violium,ms_violium,ms_aquiris_ember_rod,
"tool/violiumpickaxe, tool/violium_pickaxe",Tnc 1.5,ms,pick,"18, 19, 20",ms_violium,ms_violium,ms_aquiris_ember_rod,
"tool/violiumshovel, tool/violium_shovel",Tnc 1.5,ms,shovel,"18, 19, 20",ms_violium,ms_violium,ms_aquiris_ember_rod,
"tool/violiumsword, tool/violium_sword",Tnc 1.5,ms,sword,"18, 19, 20",ms_violium,ms_violium,ms_aquiris_ember_rod,
"tool/whiteopalaxe, tool/white_opal_axe",Tnc 1.5,ms,axe,"16; 18, 19, 20",ms_white_opal,ms_white_opal,,
"tool/whiteopalhoe, tool/white_opal_hoe",Tnc 1.5,ms,hoe,"16; 18, 19, 20",ms_white_opal,ms_white_opal,,
"tool/whiteopalpickaxe, tool/white_opal_pickaxe",Tnc 1.5,ms,pick,"16; 18, 19, 20",ms_white_opal,ms_white_opal,,
"tool/whiteopalshovel, tool/white_opal_shovel",Tnc 1.5,ms,shovel,"16; 18, 19, 20",ms_white_opal,ms_white_opal,,
"tool/whiteopalsword, tool/white_opal_sword",Tnc 1.5,ms,sword,"16; 18, 19, 20",ms_white_opal,ms_white_opal,,
totemic_gold_axe,Tnc 1.5,l2complements,axe,"19, 20",l2complements_totemic_gold,emerald,l2complements_totemic_gold,
totemic_gold_hoe,Tnc 1.5,l2complements,hoe,"19, 20",l2complements_totemic_gold,emerald,l2complements_totemic_gold,
totemic_gold_pickaxe,Tnc 1.5,l2complements,pick,"19, 20",l2complements_totemic_gold,emerald,l2complements_totemic_gold,
totemic_gold_shovel,Tnc 1.5,l2complements,shovel,"19, 20",l2complements_totemic_gold,emerald,l2complements_totemic_gold,
totemic_gold_sword,Tnc 1.5,l2complements,sword,"19, 20",l2complements_totemic_gold,emerald,l2complements_totemic_gold,
tungsten_axe,Tnc,stalwart_dungeons,axe,"16, 18, 19, 20",stalwart_dungeons_tungsten,stalwart_dungeons_tungsten,,
tungsten_hoe,Tnc,stalwart_dungeons,hoe,"16, 18, 19, 20",stalwart_dungeons_tungsten,stalwart_dungeons_tungsten,,
tungsten_pickaxe,Tnc,stalwart_dungeons,pick,"16, 18, 19, 20",stalwart_dungeons_tungsten,stalwart_dungeons_tungsten,,
tungsten_shovel,Tnc,stalwart_dungeons,shovel,"16, 18, 19, 20",stalwart_dungeons_tungsten,stalwart_dungeons_tungsten,,
tungsten_sword,Tnc,stalwart_dungeons,sword,"16, 18, 19, 20",stalwart_dungeons_tungsten,stalwart_dungeons_tungsten,,
turquoise_stone_axe,Tnc 1.5,blue_skies,axe,"16, 18, 19, 20",blue_skies_turquoise_stone,blue_skies_turquoise_stone,,
turquoise_stone_hoe,Tnc 1.5,blue_skies,hoe,"16, 18, 19, 20",blue_skies_turquoise_stone,blue_skies_turquoise_stone,,
turquoise_stone_pickaxe,Tnc 1.5,blue_skies,pick,"16, 18, 19, 20",blue_skies_turquoise_stone,blue_skies_turquoise_stone,,
turquoise_stone_shovel,Tnc 1.5,blue_skies,shovel,"16, 18, 19, 20",blue_skies_turquoise_stone,blue_skies_turquoise_stone,,
turquoise_stone_sword,Tnc 1.5,blue_skies,sword,"16, 18, 19, 20",blue_skies_turquoise_stone,blue_skies_turquoise_stone,,
venomite_axe,Tnc 1.5,organics,double_axe,"16, 18, 19, 20",organics_venomite,organics_venomite,,
venomite_hoe,Tnc 1.5,organics,hoe,"16, 18, 19, 20",organics_venomite,organics_venomite,,
venomite_pickaxe,Tnc 1.5,organics,pick,"16, 18, 19, 20",organics_venomite,organics_venomite,,
venomite_shovel,Tnc 1.5,organics,shovel,"16, 18, 19, 20",organics_venomite,organics_venomite,,
venomite_sword,Tnc 1.5,organics,sword,"16, 18, 19, 20",organics_venomite,organics_venomite,,
voidic_crystal_axe,Tnc 1.5,voidscape,axe,"16, 18, 19, 20",voidscape_voidic_crystal,voidscape_voidic_crystal,,
voidic_crystal_pickaxe,Tnc 1.5,voidscape,pick,"16, 18, 19, 20",voidscape_voidic_crystal,voidscape_voidic_crystal,,
voidic_crystal_sword,Tnc 1.5,voidscape,sword,"16, 18, 19, 20",voidscape_voidic_crystal,voidscape_voidic_crystal,,
warden_axe,Tnc 1.5,deeperdarker,axe,"19, 20",deeperdarker_warden,deeperdarker_warden,,
warden_hoe,Tnc 1.5,deeperdarker,hoe,"19, 20",deeperdarker_warden,deeperdarker_warden,,
warden_pickaxe,Tnc 1.5,deeperdarker,pick,"19, 20",deeperdarker_warden,deeperdarker_warden,,
warden_shovel,Tnc 1.5,deeperdarker,shovel,"19, 20",deeperdarker_warden,deeperdarker_warden,,
warden_sword,Tnc 1.5,deeperdarker,sword,"19, 20",deeperdarker_warden,deeperdarker_warden,,
starsteel_axe,Tnc 1.5,enlightened_end,axe,18,enlightened_end_starsteel,enlightened_end_starsteel,,
starsteel_hoe,Tnc 1.5,enlightened_end,hoe,18,enlightened_end_starsteel,enlightened_end_starsteel,,
starsteel_pickaxe,Tnc 1.5,enlightened_end,pick,18,enlightened_end_starsteel,enlightened_end_starsteel,,
starsteel_shovel,Tnc 1.5,enlightened_end,shovel,18,enlightened_end_starsteel,enlightened_end_starsteel,,
starsteel_sword,Tnc 1.5,enlightened_end,sword,18,enlightened_end_starsteel,enlightened_end_starsteel,,
tool/lilaaxe,Tnc 1.5,ms,axe,16,ms_lila,ms_lila,,
tool/lilahoe,Tnc 1.5,ms,hoe,16,ms_lila,ms_lila,,
tool/lilapickaxe,Tnc 1.5,ms,pick,16,ms_lila,ms_lila,,
tool/lilashovel,Tnc 1.5,ms,shovel,16,ms_lila,ms_lila,,
tool/lilasword,Tnc 1.5,ms,sword,16,ms_lila,ms_lila,,
voidsteel_axe,Tnc 1.5,nourished_end,axe,16,nourished_end_voidsteel,nourished_end_voidsteel,,
voidsteel_hoe,Tnc 1.5,nourished_end,hoe,16,nourished_end_voidsteel,nourished_end_voidsteel,,
voidsteel_pickaxe,Tnc 1.5,nourished_end,pick,16,nourished_end_voidsteel,nourished_end_voidsteel,,
voidsteel_shovel,Tnc 1.5,nourished_end,shovel,16,nourished_end_voidsteel,nourished_end_voidsteel,,
voidsteel_sword,Tnc 1.5,nourished_end,sword,16,nourished_end_voidsteel,nourished_end_voidsteel,,